-- phpMyAdmin SQL Dump
-- version 5.2.1
-- https://www.phpmyadmin.net/
--
-- Host: localhost:3306
-- Generation Time: Jun 28, 2024 at 02:19 AM
-- Server version: 8.0.30
-- PHP Version: 7.3.31

SET SQL_MODE = "NO_AUTO_VALUE_ON_ZERO";
START TRANSACTION;
SET time_zone = "+00:00";


/*!40101 SET @OLD_CHARACTER_SET_CLIENT=@@CHARACTER_SET_CLIENT */;
/*!40101 SET @OLD_CHARACTER_SET_RESULTS=@@CHARACTER_SET_RESULTS */;
/*!40101 SET @OLD_COLLATION_CONNECTION=@@COLLATION_CONNECTION */;
/*!40101 SET NAMES utf8mb4 */;

--
-- Database: `app-topsis`
--

-- --------------------------------------------------------

--
-- Table structure for table `alternatif`
--

CREATE TABLE `alternatif` (
  `id_alternatif` varchar(5) NOT NULL,
  `nm_alternatif` varchar(255) CHARACTER SET latin1 COLLATE latin1_swedish_ci NOT NULL
) ENGINE=InnoDB DEFAULT CHARSET=latin1;

--
-- Dumping data for table `alternatif`
--

INSERT INTO `alternatif` (`id_alternatif`, `nm_alternatif`) VALUES
('A1', 'Alcatel 1 (2021) 1 / 16 / Blue'),
('A10', 'Asus ZenFone 9 8 / 128 / Black'),
('A100', 'Motorola Moto G32 6 / 128 / Gray'),
('A101', 'Nokia XR20 4 / 64 / Blue'),
('A102', 'Nokia 5.4 4 / 64 / Black'),
('A103', 'Nokia C2 2 / 32 / Blue'),
('A104', 'Nokia 3.4 3 / 64 / Black'),
('A105', 'Nokia C20 2 / 32 / Blue'),
('A106', 'Nokia C21 2 / 32 / Gray'),
('A107', 'Nokia C31 4 / 64 / Gray'),
('A108', 'Nokia G10 3 / 32 / Blue'),
('A109', 'Nokia X10 4 / 128 / Green'),
('A11', 'Blackview A60 3 / 16 / Black'),
('A110', 'Nokia 8.3 8 / 128 / Black'),
('A111', 'Nothing Phone (2) 12 / 512 / White'),
('A112', 'Nothing Phone (2) 12 / 256 / White'),
('A113', 'Nothing Phone (2) 12 / 256 / Gray'),
('A114', 'Nothing Phone (2) 12 / 512 / Gray'),
('A115', 'Nothing Phone (1) 8 / 256 / Black'),
('A116', 'Nothing Phone (1) 12 / 256 / Black'),
('A117', 'Nothing Phone (1) 12 / 256 / White'),
('A118', 'Nothing Phone (1) 8 / 256 / White'),
('A119', 'Nothing Phone (1) 8 / 128 / Black'),
('A12', 'Blackview BL5000 8 / 128 / Orange'),
('A120', 'OnePlus Nord CE 3 8 / 128 / Green'),
('A121', 'OnePlus Nord CE 2 6 / 128 / Black'),
('A122', 'OnePlus Nord N10 6 / 128 / Blue'),
('A123', 'OnePlus 8 12 / 256 / Blue'),
('A124', 'OnePlus Nord 12 / 256 / Gray'),
('A125', 'OnePlus Nord 8 / 128 / Black'),
('A126', 'OnePlus Nord 12 / 256 / Blue'),
('A127', 'OnePlus 8T 8 / 128 / Green'),
('A128', 'OnePlus 9 Pro 8 / 128 / Black'),
('A129', 'OnePlus 9 12 / 256 / Black'),
('A13', 'Blackview A100 6 / 128 / Blue'),
('A130', 'OPPO A77 4 / 64 / Blue'),
('A131', 'OPPO A77 6 / 128 / Black'),
('A132', 'OPPO Reno6 12 / 256 / Gray'),
('A133', 'OPPO A54s 4 / 128 / Blue'),
('A134', 'OPPO A94 8 / 128 / Blue'),
('A135', 'OPPO X2 12 / 512 / Orange'),
('A136', 'OPPO Reno4 8 / 128 / Blue'),
('A137', 'OPPO Reno4 8 / 128 / White'),
('A138', 'OPPO A91 8 / 128 / Blue'),
('A139', 'OPPO Reno2 Z 8 / 128 / White'),
('A14', 'Blackview A100 6 / 128 / Black'),
('A140', 'POCO F5 8 / 256 / White'),
('A141', 'POCO F5 12 / 256 / White'),
('A142', 'POCO F5 8 / 256 / Black'),
('A143', 'POCO M4 4 / 64 / Blue'),
('A144', 'POCO F5 12 / 256 / Blue'),
('A145', 'POCO M5 4 / 128 / Yellow'),
('A146', 'POCO M4 4 / 64 / Black'),
('A147', 'POCO C40 4 / 64 / Black'),
('A148', 'POCO C40 3 / 32 / Black'),
('A149', 'POCO F4 12 / 256 / Silver'),
('A15', 'Blackview A100 6 / 128 / Pink'),
('A150', 'Qubo X-626 4 / 64 / Blue'),
('A151', 'Qubo P-668 4 / 64 / Blue'),
('A152', 'Qubo X-626 2 / 32 / Blue'),
('A153', 'Realme 11 Pro 12 / 512 / White'),
('A154', 'Realme 10 AMOLED 8 / 256 / White'),
('A155', 'Realme 10 AMOLED 8 / 256 / Black'),
('A156', 'Realme C31 4 / 64 / Green'),
('A157', 'Realme 11 Pro 12 / 512 / Black'),
('A158', 'Realme 9 4 / 64 / Black'),
('A159', 'Realme C33 4 / 128 / Black'),
('A16', 'Blackview A100 6 / 128 / Green'),
('A160', 'Realme Narzo 50A 4 / 64 / Blue'),
('A161', 'Realme 11 Pro 8 / 256 / Black'),
('A162', 'Realme 9 6 / 128 / Black'),
('A163', 'Samsung Galaxy Z Fold4 12 / 512 / Black'),
('A164', 'Samsung Galaxy A32 4 / 128 / Black'),
('A165', 'Samsung Galaxy S20 12 / 128 / Black'),
('A166', 'Samsung Galaxy S10 8 / 128 / Black'),
('A167', 'Samsung Galaxy S21 6 / 128 / Green'),
('A168', 'Samsung Galaxy Z Fold4 12 / 256 / White'),
('A169', 'Samsung Galaxy S22 8 / 128 / White'),
('A17', 'Blackview A55 3 / 16 / Blue'),
('A170', 'Samsung Galaxy Z Flip3 8 / 256 / Black'),
('A171', 'Samsung Galaxy M13 4 / 64 / Orange'),
('A172', 'Samsung Galaxy A13 4 / 64 / Blue'),
('A173', 'SPC Smart Ultimate 3 / 32 / Black'),
('A174', 'SPC Smart Ultimate 3 / 64 / Black'),
('A175', 'SPC Smart 3 3 / 32 / Turquoise'),
('A176', 'SPC Discovery 3 / 64 / Black'),
('A177', 'SPC Smart 2 1 / 16 / Red'),
('A178', 'SPC Discovery 3 / 128 / Blue'),
('A179', 'SPC Smart 2 1 / 16 / Gray'),
('A18', 'Blackview A55 3 / 16 / Black'),
('A180', 'SPC Smart 3 3 / 32 / Gray'),
('A181', 'SPC Smart Pro 3 / 32 / Black'),
('A182', 'Swissvoice S510-M 2 / 16 / Black'),
('A183', 'TCL 40 SE 6 / 256 / Purple'),
('A184', 'TCL 403 2 / 32 / Purple'),
('A185', 'TCL 305i 2 / 64 / Blue'),
('A186', 'TCL 40 SE 4 / 128 / Purple'),
('A187', 'TCL 408 4 / 64 / Blue'),
('A188', 'TCL 40 SE 4 / 128 / Gray'),
('A189', 'TCL 40 SE 6 / 256 / Gray'),
('A19', 'Blackview A55 3 / 16 / Green'),
('A190', 'TCL 405 2 / 32 / Blue'),
('A191', 'TCL 30 SE 4 / 128 / Blue'),
('A192', 'TCL 30 4 / 64 / Black'),
('A193', 'Ulefone Power Armor 19 12 / 256 / Black'),
('A194', 'Ulefone Armor 8 8 / 128 / Black'),
('A195', 'Ulefone Armor X6 2 / 16 / Black'),
('A196', 'Ulefone Power Armor 16 4 / 64 / Black'),
('A197', 'Ulefone Power Armor 18T 12 / 256 / Black'),
('A198', 'Ulefone X5 Pro 4 / 64 / Black'),
('A199', 'Ulefone Power Armor 14 6 / 128 / Black'),
('A2', 'Alcatel 1 (2021) 1 / 16 / Black'),
('A20', 'Blackview A55 4 / 64 / Black'),
('A200', 'Ulefone 11T 8 / 256 / Black'),
('A201', 'Ulefone Armor 17 8 / 256 / Black'),
('A202', 'Ulefone 20WT 12 / 256 / Black'),
('A203', 'Vivo X60 Pro 12 / 256 / Black'),
('A204', 'Vivo Y35 8 / 256 / Gold'),
('A205', 'Vivo Y76 8 / 128 / Blue'),
('A206', 'Vivo Y76 8 / 128 / Black'),
('A207', 'Vivo Y16 4 / 128 / Black'),
('A208', 'Vivo Y16 4 / 128 / Gold'),
('A209', 'Vivo Y76 8 / 256 / Black'),
('A21', 'CAT S42H+ 3 / 32 / Black'),
('A210', 'Vivo V21 5G 8 / 128 / Blue'),
('A211', 'Vivo V21 5G 8 / 128 / Yellow'),
('A212', 'Vivo Y76 8 / 256 / Blue'),
('A213', 'Xiaomi Redmi Note 12 8 / 128 / Blue'),
('A214', 'Xiaomi 11 Pro 8 / 256 / Green'),
('A215', 'Xiaomi Note 12S 8 / 256 / Black'),
('A216', 'Xiaomi 11 Pro 8 / 256 / Blue'),
('A217', 'Xiaomi Redmi 12C 4 / 128 / Blue'),
('A218', 'Xiaomi Redmi 12C 3 / 64 / Green'),
('A219', 'Xiaomi Redmi 12C 4 / 128 / Green'),
('A22', 'CAT S62 6 / 128 / Black'),
('A220', 'Xiaomi 12T 8 / 256 / Blue'),
('A221', 'Xiaomi Redmi 12 4 / 128 / Blue'),
('A222', 'Xiaomi 13 8 / 128 / Black'),
('A223', 'ZTE Blade A52 2 / 64 / Blue'),
('A224', 'ZTE Blade A52 2 / 64 / Gray'),
('A225', 'ZTE Blade A72 3 / 64 / Gray'),
('A226', 'ZTE Blade A72 3 / 64 / Blue'),
('A227', 'ZTE Blade V40 Vita 4 / 128 / Black'),
('A228', 'ZTE Blade V40 Vita 4 / 128 / Green'),
('A229', 'ZTE Blade A52 2 / 32 / Gray'),
('A23', 'CAT S53 6 / 128 / Black'),
('A230', 'ZTE Blade A31 2 / 32 / Blue'),
('A231', 'ZTE Blade A52 2 / 32 / Green'),
('A232', 'ZTE Blade A31 2 / 32 / Gray'),
('A233', 'ZTE Blade A5 2 / 32 / Blue'),
('A234', 'ZTE Blade A5 2 / 32 / Black'),
('A235', 'ZTE Blade A51 2 / 32 / Gray'),
('A236', 'ZTE Blade A71 3 / 64 / Gray'),
('A237', 'ZTE Blade V30 4 / 128 / Gray'),
('A24', 'CAT S75 6 / 128 / Black'),
('A25', 'CAT S42 H+ 3 / 32 / Black'),
('A26', 'Crosscall Action-X5 4 / 64 / Black'),
('A27', 'Crosscall CORE-M5 3 / 32 / Black'),
('A28', 'Crosscall CORE-X5 4 / 64 / Black'),
('A29', 'Crosscall Core-X4 3 / 32 / Black'),
('A3', 'Alcatel 1B 2022 2 / 32 / Black'),
('A30', 'Crosscall Core-M4 2 / 32 / Black'),
('A31', 'Crosscall X4 4 / 64 / Black'),
('A32', 'Cubot KingKong Power 8 / 256 / Black'),
('A33', 'Cubot KingKong 9 12 / 256 / Black'),
('A34', 'Cubot P80 8 / 256 / Purple'),
('A35', 'Cubot P80 8 / 256 / Blue'),
('A36', 'Cubot P80 8 / 256 / Black'),
('A37', 'Cubot X70 12 / 256 / Black'),
('A38', 'Cubot KingKong 7 8 / 128 / Black'),
('A39', 'Cubot P60 6 / 128 / White'),
('A4', 'Alcatel 1B 2022 2 / 32 / Blue'),
('A40', 'Cubot King Kong 5 4 / 64 / Orange'),
('A41', 'Cubot Pocket 4 / 64 / Red'),
('A42', 'Doro 8100 2 / 32 / Black'),
('A43', 'Doro 8100 2 / 32 / Pink'),
('A44', 'Funker W5.5 2 / 16 / Blue'),
('A45', 'Gigaset GS195LS 2 / 32 / Black'),
('A46', 'Gigaset GX290 3 / 32 / Black'),
('A47', 'Gigaset GX290 4 / 64 / Black'),
('A48', 'Google Pixel 6A 6 / 128 / Black'),
('A49', 'Google Pixel 7 8 / 128 / Green'),
('A5', 'Alcatel 1SE 6 / 64 / Green'),
('A50', 'Google Pixel 7 8 / 128 / White'),
('A51', 'Google Pixel 6A 6 / 128 / Green'),
('A52', 'Google Pixel 4a 6 / 128 / Black'),
('A53', 'Google Pixel 6 12 / 128 / Black'),
('A54', 'Google Pixel 6 8 / 128 / Black'),
('A55', 'Google Pixel 4 6 / 64 / Black'),
('A56', 'Google Pixel 3a 4 / 64 / Black'),
('A57', 'Hammer Explorer Plus Eco 4 / 64 / Orange'),
('A58', 'Hammer Explorer 6 / 128 / Orange'),
('A59', 'Hammer Blade 3 4 / 64 / Black'),
('A6', 'Alcatel 1B 2 / 32 / Black'),
('A60', 'Hammer Construction 6 / 128 / Black'),
('A61', 'Hammer Energy 2 3 / 32 / Black'),
('A62', 'Hammer Energy 2 3 / 32 / Silver'),
('A63', 'Hammer Energy 2 3 / 32 / Orange'),
('A64', 'Hammer Explorer 3 / 32 / Orange'),
('A65', 'Hammer Explorer Plus Eco 4 / 64 / Silver'),
('A66', 'Hammer Iron 3 3 / 32 / Orange'),
('A67', 'Honor Magic 4 6 / 128 / Blue'),
('A68', 'Honor 70 8 / 256 / Green'),
('A69', 'Honor Magic5 6 / 128 / Green'),
('A7', 'Alcatel 1SE 6 / 64 / Gray'),
('A70', 'Honor 70 8 / 256 / Black'),
('A71', 'Honor X8a 6 / 128 / Turquoise'),
('A72', 'Honor X7 4 / 128 / Black'),
('A73', 'Honor X8 6 / 128 / Black'),
('A74', 'Honor Magic 4 6 / 128 / Black'),
('A75', 'Honor X8a 6 / 128 / Black'),
('A76', 'Honor X6 4 / 64 / Black'),
('A77', 'Huawei P30 8 / 128 / Black'),
('A78', 'Huawei P40 8 / 256 / Black'),
('A79', 'Huawei P40 8 / 256 / Silver'),
('A8', 'Asus ROG Phone 5 12 / 256 / Black'),
('A80', 'Huawei P30 6 / 128 / Blue'),
('A81', 'Huawei P30 4 / 128 / Crystal'),
('A82', 'Huawei P30 4 / 128 / Blue'),
('A83', 'Huawei P50 8 / 256 / Gold'),
('A84', 'Huawei P30 6 / 128 / Crystal'),
('A85', 'Huawei Nova 10 8 / 128 / Black'),
('A86', 'Huawei Nova 9 8 / 128 / Black'),
('A87', 'Lenovo Legion Phone Duel 12 / 256 / Black'),
('A88', 'LG V40 ThinQ 6 / 128 / Blue'),
('A89', 'Maxcom MS572 3 / 32 / Black'),
('A9', 'Asus Zenfone 7 8 / 256 / Black'),
('A90', 'Microsoft Surface Duo 6 / 256 / White'),
('A91', 'Motorola Moto G13 4 / 128 / Blue'),
('A92', 'Motorola Moto E32s 4 / 64 / Gray'),
('A93', 'Motorola Moto E20 2 / 32 / Gray'),
('A94', 'Motorola Moto G23 8 / 128 / Gray'),
('A95', 'Motorola Moto G32 6 / 128 / Silver'),
('A96', 'Motorola Moto G73 8 / 256 / Gold'),
('A97', 'Motorola Moto G13 4 / 128 / Gray'),
('A98', 'Motorola Moto E13 2 / 64 / Black'),
('A99', 'Motorola Edge 30 12 / 256 / Gray');

-- --------------------------------------------------------

--
-- Table structure for table `kriteria`
--

CREATE TABLE `kriteria` (
  `id_kriteria` varchar(5) NOT NULL,
  `nama_kriteria` varchar(45) NOT NULL,
  `bobot` double NOT NULL,
  `jenis` varchar(15) CHARACTER SET latin1 COLLATE latin1_swedish_ci NOT NULL
) ENGINE=InnoDB DEFAULT CHARSET=latin1;

--
-- Dumping data for table `kriteria`
--

INSERT INTO `kriteria` (`id_kriteria`, `nama_kriteria`, `bobot`, `jenis`) VALUES
('C1', 'RAM', 25, 'benefit'),
('C2', 'Storage', 25, 'benefit'),
('C3', 'Color', 25, 'benefit'),
('C4', 'Price', 25, 'cost');

-- --------------------------------------------------------

--
-- Table structure for table `nilai_matrik`
--

CREATE TABLE `nilai_matrik` (
  `id_matrik` int NOT NULL,
  `id_alternatif` varchar(7) NOT NULL,
  `id_kriteria` varchar(7) NOT NULL,
  `nilai` double NOT NULL
) ENGINE=InnoDB DEFAULT CHARSET=latin1;

--
-- Dumping data for table `nilai_matrik`
--

INSERT INTO `nilai_matrik` (`id_matrik`, `id_alternatif`, `id_kriteria`, `nilai`) VALUES
(37, 'A10', 'C1', 8),
(38, 'A10', 'C2', 128),
(39, 'A10', 'C3', 5),
(40, 'A10', 'C4', 1021),
(41, 'A11', 'C1', 3),
(42, 'A11', 'C2', 16),
(43, 'A11', 'C3', 5),
(44, 'A11', 'C4', 109.32),
(45, 'A12', 'C1', 8),
(46, 'A12', 'C2', 128),
(47, 'A12', 'C3', 1),
(48, 'A12', 'C4', 377.91),
(49, 'A13', 'C1', 6),
(50, 'A13', 'C2', 128),
(51, 'A13', 'C3', 5),
(52, 'A13', 'C4', 224.18),
(53, 'A14', 'C1', 6),
(54, 'A14', 'C2', 128),
(55, 'A14', 'C3', 5),
(56, 'A14', 'C4', 169.99),
(57, 'A15', 'C1', 6),
(58, 'A15', 'C2', 128),
(59, 'A15', 'C3', 1),
(60, 'A15', 'C4', 224.12),
(61, 'A16', 'C1', 6),
(62, 'A16', 'C2', 128),
(63, 'A16', 'C3', 2),
(64, 'A16', 'C4', 169.99),
(65, 'A17', 'C1', 3),
(66, 'A17', 'C2', 16),
(67, 'A17', 'C3', 5),
(68, 'A17', 'C4', 130.72),
(69, 'A18', 'C1', 3),
(70, 'A18', 'C2', 16),
(71, 'A18', 'C3', 5),
(72, 'A18', 'C4', 129.62),
(73, 'A19', 'C1', 3),
(74, 'A19', 'C2', 16),
(75, 'A19', 'C3', 2),
(76, 'A19', 'C4', 130.72),
(77, 'A20', 'C1', 4),
(78, 'A20', 'C2', 64),
(79, 'A20', 'C3', 5),
(80, 'A20', 'C4', 157.54),
(81, 'A21', 'C1', 3),
(82, 'A21', 'C2', 32),
(83, 'A21', 'C3', 5),
(84, 'A21', 'C4', 189.99),
(85, 'A22', 'C1', 6),
(86, 'A22', 'C2', 128),
(87, 'A22', 'C3', 5),
(88, 'A22', 'C4', 588.99),
(89, 'A23', 'C1', 6),
(90, 'A23', 'C2', 128),
(91, 'A23', 'C3', 5),
(92, 'A23', 'C4', 513.42),
(93, 'A24', 'C1', 6),
(94, 'A24', 'C2', 128),
(95, 'A24', 'C3', 5),
(96, 'A24', 'C4', 550.8),
(97, 'A25', 'C1', 3),
(98, 'A25', 'C2', 32),
(99, 'A25', 'C3', 5),
(100, 'A25', 'C4', 309.06),
(101, 'A26', 'C1', 4),
(102, 'A26', 'C2', 64),
(103, 'A26', 'C3', 5),
(104, 'A26', 'C4', 633),
(105, 'A27', 'C1', 3),
(106, 'A27', 'C2', 32),
(107, 'A27', 'C3', 5),
(108, 'A27', 'C4', 410),
(109, 'A28', 'C1', 4),
(110, 'A28', 'C2', 64),
(111, 'A28', 'C3', 5),
(112, 'A28', 'C4', 607.19),
(113, 'A29', 'C1', 3),
(114, 'A29', 'C2', 32),
(115, 'A29', 'C3', 5),
(116, 'A29', 'C4', 487.09),
(117, 'A30', 'C1', 2),
(118, 'A30', 'C2', 32),
(119, 'A30', 'C3', 5),
(120, 'A30', 'C4', 299),
(121, 'A31', 'C1', 4),
(122, 'A31', 'C2', 64),
(123, 'A31', 'C3', 5),
(124, 'A31', 'C4', 699),
(125, 'A32', 'C1', 8),
(126, 'A32', 'C2', 256),
(127, 'A32', 'C3', 5),
(128, 'A32', 'C4', 229.95),
(129, 'A33', 'C1', 12),
(130, 'A33', 'C2', 256),
(131, 'A33', 'C3', 5),
(132, 'A33', 'C4', 299),
(133, 'A34', 'C1', 8),
(134, 'A34', 'C2', 256),
(135, 'A34', 'C3', 1),
(136, 'A34', 'C4', 229),
(137, 'A35', 'C1', 8),
(138, 'A35', 'C2', 256),
(139, 'A35', 'C3', 5),
(140, 'A35', 'C4', 229),
(141, 'A36', 'C1', 8),
(142, 'A36', 'C2', 256),
(143, 'A36', 'C3', 5),
(144, 'A36', 'C4', 229),
(145, 'A37', 'C1', 12),
(146, 'A37', 'C2', 256),
(147, 'A37', 'C3', 5),
(148, 'A37', 'C4', 249.95),
(149, 'A38', 'C1', 8),
(150, 'A38', 'C2', 128),
(151, 'A38', 'C3', 5),
(152, 'A38', 'C4', 268.7),
(153, 'A39', 'C1', 6),
(154, 'A39', 'C2', 128),
(155, 'A39', 'C3', 2),
(156, 'A39', 'C4', 159.95),
(157, 'A40', 'C1', 4),
(158, 'A40', 'C2', 64),
(159, 'A40', 'C3', 1),
(160, 'A40', 'C4', 206.34),
(161, 'A41', 'C1', 4),
(162, 'A41', 'C2', 64),
(163, 'A41', 'C3', 1),
(164, 'A41', 'C4', 149.96),
(165, 'A42', 'C1', 2),
(166, 'A42', 'C2', 32),
(167, 'A42', 'C3', 5),
(168, 'A42', 'C4', 291.88),
(169, 'A43', 'C1', 2),
(170, 'A43', 'C2', 32),
(171, 'A43', 'C3', 1),
(172, 'A43', 'C4', 291.88),
(173, 'A44', 'C1', 2),
(174, 'A44', 'C2', 16),
(175, 'A44', 'C3', 5),
(176, 'A44', 'C4', 220.78),
(177, 'A45', 'C1', 2),
(178, 'A45', 'C2', 32),
(179, 'A45', 'C3', 5),
(180, 'A45', 'C4', 186.65),
(181, 'A46', 'C1', 3),
(182, 'A46', 'C2', 32),
(183, 'A46', 'C3', 5),
(184, 'A46', 'C4', 294.89),
(185, 'A47', 'C1', 4),
(186, 'A47', 'C2', 64),
(187, 'A47', 'C3', 5),
(188, 'A47', 'C4', 275.5),
(189, 'A48', 'C1', 6),
(190, 'A48', 'C2', 128),
(191, 'A48', 'C3', 5),
(192, 'A48', 'C4', 419),
(193, 'A49', 'C1', 8),
(194, 'A49', 'C2', 128),
(195, 'A49', 'C3', 2),
(196, 'A49', 'C4', 580),
(197, 'A50', 'C1', 8),
(198, 'A50', 'C2', 128),
(199, 'A50', 'C3', 2),
(200, 'A50', 'C4', 654),
(201, 'A51', 'C1', 6),
(202, 'A51', 'C2', 128),
(203, 'A51', 'C3', 2),
(204, 'A51', 'C4', 425),
(205, 'A52', 'C1', 6),
(206, 'A52', 'C2', 128),
(207, 'A52', 'C3', 5),
(208, 'A52', 'C4', 245),
(209, 'A53', 'C1', 12),
(210, 'A53', 'C2', 128),
(211, 'A53', 'C3', 5),
(212, 'A53', 'C4', 1166.96),
(213, 'A54', 'C1', 8),
(214, 'A54', 'C2', 128),
(215, 'A54', 'C3', 5),
(216, 'A54', 'C4', 691.64),
(217, 'A55', 'C1', 6),
(218, 'A55', 'C2', 64),
(219, 'A55', 'C3', 5),
(220, 'A55', 'C4', 283.81),
(221, 'A56', 'C1', 4),
(222, 'A56', 'C2', 64),
(223, 'A56', 'C3', 5),
(224, 'A56', 'C4', 187.4),
(225, 'A57', 'C1', 4),
(226, 'A57', 'C2', 64),
(227, 'A57', 'C3', 1),
(228, 'A57', 'C4', 235.22),
(229, 'A58', 'C1', 6),
(230, 'A58', 'C2', 128),
(231, 'A58', 'C3', 1),
(232, 'A58', 'C4', 260),
(233, 'A59', 'C1', 4),
(234, 'A59', 'C2', 64),
(235, 'A59', 'C3', 5),
(236, 'A59', 'C4', 235.22),
(237, 'A60', 'C1', 6),
(238, 'A60', 'C2', 128),
(239, 'A60', 'C3', 5),
(240, 'A60', 'C4', 317.88),
(241, 'A61', 'C1', 3),
(242, 'A61', 'C2', 32),
(243, 'A61', 'C3', 5),
(244, 'A61', 'C4', 272.98),
(245, 'A62', 'C1', 3),
(246, 'A62', 'C2', 32),
(247, 'A62', 'C3', 1),
(248, 'A62', 'C4', 244.77),
(249, 'A63', 'C1', 3),
(250, 'A63', 'C2', 32),
(251, 'A63', 'C3', 1),
(252, 'A63', 'C4', 160.51),
(253, 'A64', 'C1', 3),
(254, 'A64', 'C2', 32),
(255, 'A64', 'C3', 1),
(256, 'A64', 'C4', 528.46),
(257, 'A65', 'C1', 4),
(258, 'A65', 'C2', 64),
(259, 'A65', 'C3', 1),
(260, 'A65', 'C4', 235.22),
(261, 'A66', 'C1', 3),
(262, 'A66', 'C2', 32),
(263, 'A66', 'C3', 1),
(264, 'A66', 'C4', 169.9),
(265, 'A67', 'C1', 6),
(266, 'A67', 'C2', 128),
(267, 'A67', 'C3', 5),
(268, 'A67', 'C4', 219.95),
(269, 'A68', 'C1', 8),
(270, 'A68', 'C2', 256),
(271, 'A68', 'C3', 2),
(272, 'A68', 'C4', 702.84),
(273, 'A69', 'C1', 6),
(274, 'A69', 'C2', 128),
(275, 'A69', 'C3', 2),
(276, 'A69', 'C4', 449.55),
(277, 'A70', 'C1', 8),
(278, 'A70', 'C2', 256),
(279, 'A70', 'C3', 5),
(280, 'A70', 'C4', 409.9),
(281, 'A71', 'C1', 6),
(282, 'A71', 'C2', 128),
(283, 'A71', 'C3', 1),
(284, 'A71', 'C4', 231.4),
(285, 'A72', 'C1', 4),
(286, 'A72', 'C2', 128),
(287, 'A72', 'C3', 5),
(288, 'A72', 'C4', 252.22),
(289, 'A73', 'C1', 6),
(290, 'A73', 'C2', 128),
(291, 'A73', 'C3', 5),
(292, 'A73', 'C4', 179.99),
(293, 'A74', 'C1', 6),
(294, 'A74', 'C2', 128),
(295, 'A74', 'C3', 5),
(296, 'A74', 'C4', 354.89),
(297, 'A75', 'C1', 6),
(298, 'A75', 'C2', 128),
(299, 'A75', 'C3', 5),
(300, 'A75', 'C4', 185.8),
(301, 'A76', 'C1', 4),
(302, 'A76', 'C2', 64),
(303, 'A76', 'C3', 5),
(304, 'A76', 'C4', 129),
(305, 'A77', 'C1', 8),
(306, 'A77', 'C2', 128),
(307, 'A77', 'C3', 5),
(308, 'A77', 'C4', 849.58),
(309, 'A78', 'C1', 8),
(310, 'A78', 'C2', 256),
(311, 'A78', 'C3', 5),
(312, 'A78', 'C4', 938.57),
(313, 'A79', 'C1', 8),
(314, 'A79', 'C2', 256),
(315, 'A79', 'C3', 1),
(316, 'A79', 'C4', 842.29),
(317, 'A80', 'C1', 6),
(318, 'A80', 'C2', 128),
(319, 'A80', 'C3', 5),
(320, 'A80', 'C4', 239.98),
(321, 'A81', 'C1', 4),
(322, 'A81', 'C2', 128),
(323, 'A81', 'C3', 1),
(324, 'A81', 'C4', 160),
(325, 'A82', 'C1', 4),
(326, 'A82', 'C2', 128),
(327, 'A82', 'C3', 5),
(328, 'A82', 'C4', 464.37),
(329, 'A83', 'C1', 8),
(330, 'A83', 'C2', 256),
(331, 'A83', 'C3', 1),
(332, 'A83', 'C4', 858.29),
(333, 'A84', 'C1', 6),
(334, 'A84', 'C2', 128),
(335, 'A84', 'C3', 1),
(336, 'A84', 'C4', 209),
(337, 'A85', 'C1', 8),
(338, 'A85', 'C2', 128),
(339, 'A85', 'C3', 5),
(340, 'A85', 'C4', 625.24),
(341, 'A86', 'C1', 8),
(342, 'A86', 'C2', 128),
(343, 'A86', 'C3', 5),
(344, 'A86', 'C4', 349.85),
(345, 'A87', 'C1', 12),
(346, 'A87', 'C2', 256),
(347, 'A87', 'C3', 5),
(348, 'A87', 'C4', 757.18),
(349, 'A88', 'C1', 6),
(350, 'A88', 'C2', 128),
(351, 'A88', 'C3', 5),
(352, 'A88', 'C4', 570.74),
(353, 'A89', 'C1', 3),
(354, 'A89', 'C2', 32),
(355, 'A89', 'C3', 5),
(356, 'A89', 'C4', 123.88),
(357, 'A90', 'C1', 6),
(358, 'A90', 'C2', 256),
(359, 'A90', 'C3', 2),
(360, 'A90', 'C4', 552.39),
(361, 'A91', 'C1', 4),
(362, 'A91', 'C2', 128),
(363, 'A91', 'C3', 5),
(364, 'A91', 'C4', 179.01),
(365, 'A92', 'C1', 4),
(366, 'A92', 'C2', 64),
(367, 'A92', 'C3', 3),
(368, 'A92', 'C4', 148.52),
(369, 'A93', 'C1', 2),
(370, 'A93', 'C2', 32),
(371, 'A93', 'C3', 3),
(372, 'A93', 'C4', 106),
(373, 'A94', 'C1', 8),
(374, 'A94', 'C2', 128),
(375, 'A94', 'C3', 3),
(376, 'A94', 'C4', 229),
(377, 'A95', 'C1', 6),
(378, 'A95', 'C2', 128),
(379, 'A95', 'C3', 1),
(380, 'A95', 'C4', 209),
(381, 'A96', 'C1', 8),
(382, 'A96', 'C2', 256),
(383, 'A96', 'C3', 1),
(384, 'A96', 'C4', 299),
(385, 'A97', 'C1', 4),
(386, 'A97', 'C2', 128),
(387, 'A97', 'C3', 3),
(388, 'A97', 'C4', 179),
(389, 'A98', 'C1', 2),
(390, 'A98', 'C2', 64),
(391, 'A98', 'C3', 5),
(392, 'A98', 'C4', 119),
(393, 'A99', 'C1', 12),
(394, 'A99', 'C2', 256),
(395, 'A99', 'C3', 3),
(396, 'A99', 'C4', 899),
(397, 'A100', 'C1', 6),
(398, 'A100', 'C2', 128),
(399, 'A100', 'C3', 3),
(400, 'A100', 'C4', 209),
(401, 'A101', 'C1', 4),
(402, 'A101', 'C2', 64),
(403, 'A101', 'C3', 5),
(404, 'A101', 'C4', 348.04),
(405, 'A102', 'C1', 4),
(406, 'A102', 'C2', 64),
(407, 'A102', 'C3', 5),
(408, 'A102', 'C4', 1499),
(409, 'A103', 'C1', 2),
(410, 'A103', 'C2', 32),
(411, 'A103', 'C3', 5),
(412, 'A103', 'C4', 111.89),
(413, 'A104', 'C1', 3),
(414, 'A104', 'C2', 64),
(415, 'A104', 'C3', 5),
(416, 'A104', 'C4', 285.12),
(417, 'A105', 'C1', 2),
(418, 'A105', 'C2', 32),
(419, 'A105', 'C3', 5),
(420, 'A105', 'C4', 135.52),
(421, 'A106', 'C1', 2),
(422, 'A106', 'C2', 32),
(423, 'A106', 'C3', 3),
(424, 'A106', 'C4', 121.15),
(425, 'A107', 'C1', 4),
(426, 'A107', 'C2', 64),
(427, 'A107', 'C3', 3),
(428, 'A107', 'C4', 150.55),
(429, 'A108', 'C1', 3),
(430, 'A108', 'C2', 32),
(431, 'A108', 'C3', 5),
(432, 'A108', 'C4', 133),
(433, 'A109', 'C1', 4),
(434, 'A109', 'C2', 128),
(435, 'A109', 'C3', 2),
(436, 'A109', 'C4', 468.72),
(437, 'A110', 'C1', 8),
(438, 'A110', 'C2', 128),
(439, 'A110', 'C3', 5),
(440, 'A110', 'C4', 569),
(441, 'A111', 'C1', 12),
(442, 'A111', 'C2', 512),
(443, 'A111', 'C3', 2),
(444, 'A111', 'C4', 799),
(445, 'A112', 'C1', 12),
(446, 'A112', 'C2', 256),
(447, 'A112', 'C3', 2),
(448, 'A112', 'C4', 699),
(449, 'A113', 'C1', 12),
(450, 'A113', 'C2', 256),
(451, 'A113', 'C3', 3),
(452, 'A113', 'C4', 699),
(453, 'A114', 'C1', 12),
(454, 'A114', 'C2', 512),
(455, 'A114', 'C3', 3),
(456, 'A114', 'C4', 799),
(457, 'A115', 'C1', 8),
(458, 'A115', 'C2', 256),
(459, 'A115', 'C3', 5),
(460, 'A115', 'C4', 499),
(461, 'A116', 'C1', 12),
(462, 'A116', 'C2', 256),
(463, 'A116', 'C3', 5),
(464, 'A116', 'C4', 549),
(465, 'A117', 'C1', 12),
(466, 'A117', 'C2', 256),
(467, 'A117', 'C3', 2),
(468, 'A117', 'C4', 549),
(469, 'A118', 'C1', 8),
(470, 'A118', 'C2', 256),
(471, 'A118', 'C3', 2),
(472, 'A118', 'C4', 701.5),
(473, 'A119', 'C1', 8),
(474, 'A119', 'C2', 128),
(475, 'A119', 'C3', 5),
(476, 'A119', 'C4', 625.24),
(477, 'A120', 'C1', 8),
(478, 'A120', 'C2', 128),
(479, 'A120', 'C3', 2),
(480, 'A120', 'C4', 259),
(481, 'A121', 'C1', 6),
(482, 'A121', 'C2', 128),
(483, 'A121', 'C3', 5),
(484, 'A121', 'C4', 361.71),
(485, 'A122', 'C1', 6),
(486, 'A122', 'C2', 128),
(487, 'A122', 'C3', 5),
(488, 'A122', 'C4', 219),
(489, 'A123', 'C1', 12),
(490, 'A123', 'C2', 256),
(491, 'A123', 'C3', 5),
(492, 'A123', 'C4', 1333),
(493, 'A124', 'C1', 12),
(494, 'A124', 'C2', 256),
(495, 'A124', 'C3', 3),
(496, 'A124', 'C4', 587.36),
(497, 'A125', 'C1', 8),
(498, 'A125', 'C2', 128),
(499, 'A125', 'C3', 5),
(500, 'A125', 'C4', 376.78),
(501, 'A126', 'C1', 12),
(502, 'A126', 'C2', 256),
(503, 'A126', 'C3', 5),
(504, 'A126', 'C4', 365),
(505, 'A127', 'C1', 8),
(506, 'A127', 'C2', 128),
(507, 'A127', 'C3', 2),
(508, 'A127', 'C4', 698),
(509, 'A128', 'C1', 8),
(510, 'A128', 'C2', 128),
(511, 'A128', 'C3', 5),
(512, 'A128', 'C4', 769.87),
(513, 'A129', 'C1', 12),
(514, 'A129', 'C2', 256),
(515, 'A129', 'C3', 5),
(516, 'A129', 'C4', 528),
(517, 'A130', 'C1', 4),
(518, 'A130', 'C2', 64),
(519, 'A130', 'C3', 5),
(520, 'A130', 'C4', 158.01),
(521, 'A131', 'C1', 6),
(522, 'A131', 'C2', 128),
(523, 'A131', 'C3', 5),
(524, 'A131', 'C4', 275.31),
(525, 'A132', 'C1', 12),
(526, 'A132', 'C2', 256),
(527, 'A132', 'C3', 3),
(528, 'A132', 'C4', 799),
(529, 'A133', 'C1', 4),
(530, 'A133', 'C2', 128),
(531, 'A133', 'C3', 5),
(532, 'A133', 'C4', 294.36),
(533, 'A134', 'C1', 8),
(534, 'A134', 'C2', 128),
(535, 'A134', 'C3', 5),
(536, 'A134', 'C4', 379),
(537, 'A135', 'C1', 12),
(538, 'A135', 'C2', 512),
(539, 'A135', 'C3', 1),
(540, 'A135', 'C4', 670.07),
(541, 'A136', 'C1', 8),
(542, 'A136', 'C2', 128),
(543, 'A136', 'C3', 5),
(544, 'A136', 'C4', 599),
(545, 'A137', 'C1', 8),
(546, 'A137', 'C2', 128),
(547, 'A137', 'C3', 2),
(548, 'A137', 'C4', 399),
(549, 'A138', 'C1', 8),
(550, 'A138', 'C2', 128),
(551, 'A138', 'C3', 5),
(552, 'A138', 'C4', 1000),
(553, 'A139', 'C1', 8),
(554, 'A139', 'C2', 128),
(555, 'A139', 'C3', 2),
(556, 'A139', 'C4', 184),
(557, 'A140', 'C1', 8),
(558, 'A140', 'C2', 256),
(559, 'A140', 'C3', 2),
(560, 'A140', 'C4', 439),
(561, 'A141', 'C1', 12),
(562, 'A141', 'C2', 256),
(563, 'A141', 'C3', 2),
(564, 'A141', 'C4', 479.99),
(565, 'A142', 'C1', 8),
(566, 'A142', 'C2', 256),
(567, 'A142', 'C3', 5),
(568, 'A142', 'C4', 429.01),
(569, 'A143', 'C1', 4),
(570, 'A143', 'C2', 64),
(571, 'A143', 'C3', 5),
(572, 'A143', 'C4', 199.99),
(573, 'A144', 'C1', 12),
(574, 'A144', 'C2', 256),
(575, 'A144', 'C3', 5),
(576, 'A144', 'C4', 479.99),
(577, 'A145', 'C1', 4),
(578, 'A145', 'C2', 128),
(579, 'A145', 'C3', 1),
(580, 'A145', 'C4', 206.99),
(581, 'A146', 'C1', 4),
(582, 'A146', 'C2', 64),
(583, 'A146', 'C3', 5),
(584, 'A146', 'C4', 199.99),
(585, 'A147', 'C1', 4),
(586, 'A147', 'C2', 64),
(587, 'A147', 'C3', 5),
(588, 'A147', 'C4', 137.9),
(589, 'A148', 'C1', 3),
(590, 'A148', 'C2', 32),
(591, 'A148', 'C3', 5),
(592, 'A148', 'C4', 149.99),
(593, 'A149', 'C1', 12),
(594, 'A149', 'C2', 256),
(595, 'A149', 'C3', 1),
(596, 'A149', 'C4', 689),
(597, 'A150', 'C1', 4),
(598, 'A150', 'C2', 64),
(599, 'A150', 'C3', 5),
(600, 'A150', 'C4', 103.39),
(601, 'A151', 'C1', 4),
(602, 'A151', 'C2', 64),
(603, 'A151', 'C3', 5),
(604, 'A151', 'C4', 116.51),
(605, 'A152', 'C1', 2),
(606, 'A152', 'C2', 32),
(607, 'A152', 'C3', 5),
(608, 'A152', 'C4', 94.04),
(609, 'A153', 'C1', 12),
(610, 'A153', 'C2', 512),
(611, 'A153', 'C3', 2),
(612, 'A153', 'C4', 521.6),
(613, 'A154', 'C1', 8),
(614, 'A154', 'C2', 256),
(615, 'A154', 'C3', 2),
(616, 'A154', 'C4', 301.6),
(617, 'A155', 'C1', 8),
(618, 'A155', 'C2', 256),
(619, 'A155', 'C3', 5),
(620, 'A155', 'C4', 299),
(621, 'A156', 'C1', 4),
(622, 'A156', 'C2', 64),
(623, 'A156', 'C3', 2),
(624, 'A156', 'C4', 172.59),
(625, 'A157', 'C1', 12),
(626, 'A157', 'C2', 512),
(627, 'A157', 'C3', 5),
(628, 'A157', 'C4', 521.6),
(629, 'A158', 'C1', 4),
(630, 'A158', 'C2', 64),
(631, 'A158', 'C3', 5),
(632, 'A158', 'C4', 262.58),
(633, 'A159', 'C1', 4),
(634, 'A159', 'C2', 128),
(635, 'A159', 'C3', 5),
(636, 'A159', 'C4', 192.59),
(637, 'A160', 'C1', 4),
(638, 'A160', 'C2', 64),
(639, 'A160', 'C3', 5),
(640, 'A160', 'C4', 172.59),
(641, 'A161', 'C1', 8),
(642, 'A161', 'C2', 256),
(643, 'A161', 'C3', 5),
(644, 'A161', 'C4', 401.6),
(645, 'A162', 'C1', 6),
(646, 'A162', 'C2', 128),
(647, 'A162', 'C3', 5),
(648, 'A162', 'C4', 281.6),
(649, 'A163', 'C1', 12),
(650, 'A163', 'C2', 512),
(651, 'A163', 'C3', 5),
(652, 'A163', 'C4', 1919),
(653, 'A164', 'C1', 4),
(654, 'A164', 'C2', 128),
(655, 'A164', 'C3', 5),
(656, 'A164', 'C4', 324.99),
(657, 'A165', 'C1', 12),
(658, 'A165', 'C2', 128),
(659, 'A165', 'C3', 5),
(660, 'A165', 'C4', 1164.79),
(661, 'A166', 'C1', 8),
(662, 'A166', 'C2', 128),
(663, 'A166', 'C3', 5),
(664, 'A166', 'C4', 520.15),
(665, 'A167', 'C1', 6),
(666, 'A167', 'C2', 128),
(667, 'A167', 'C3', 2),
(668, 'A167', 'C4', 749),
(669, 'A168', 'C1', 12),
(670, 'A168', 'C2', 256),
(671, 'A168', 'C3', 2),
(672, 'A168', 'C4', 1493.29),
(673, 'A169', 'C1', 8),
(674, 'A169', 'C2', 128),
(675, 'A169', 'C3', 2),
(676, 'A169', 'C4', 844),
(677, 'A170', 'C1', 8),
(678, 'A170', 'C2', 256),
(679, 'A170', 'C3', 5),
(680, 'A170', 'C4', 621.56),
(681, 'A171', 'C1', 4),
(682, 'A171', 'C2', 64),
(683, 'A171', 'C3', 1),
(684, 'A171', 'C4', 179),
(685, 'A172', 'C1', 4),
(686, 'A172', 'C2', 64),
(687, 'A172', 'C3', 5),
(688, 'A172', 'C4', 228.69),
(689, 'A173', 'C1', 3),
(690, 'A173', 'C2', 32),
(691, 'A173', 'C3', 5),
(692, 'A173', 'C4', 109.95),
(693, 'A174', 'C1', 3),
(694, 'A174', 'C2', 64),
(695, 'A174', 'C3', 5),
(696, 'A174', 'C4', 109.95),
(697, 'A175', 'C1', 3),
(698, 'A175', 'C2', 32),
(699, 'A175', 'C3', 1),
(700, 'A175', 'C4', 99.95),
(701, 'A176', 'C1', 3),
(702, 'A176', 'C2', 64),
(703, 'A176', 'C3', 5),
(704, 'A176', 'C4', 109.9),
(705, 'A177', 'C1', 1),
(706, 'A177', 'C2', 16),
(707, 'A177', 'C3', 1),
(708, 'A177', 'C4', 70.68),
(709, 'A178', 'C1', 3),
(710, 'A178', 'C2', 128),
(711, 'A178', 'C3', 5),
(712, 'A178', 'C4', 129.91),
(713, 'A179', 'C1', 1),
(714, 'A179', 'C2', 16),
(715, 'A179', 'C3', 3),
(716, 'A179', 'C4', 89.75),
(717, 'A180', 'C1', 3),
(718, 'A180', 'C2', 32),
(719, 'A180', 'C3', 3),
(720, 'A180', 'C4', 107.25),
(721, 'A181', 'C1', 3),
(722, 'A181', 'C2', 32),
(723, 'A181', 'C3', 5),
(724, 'A181', 'C4', 99.95),
(725, 'A182', 'C1', 2),
(726, 'A182', 'C2', 16),
(727, 'A182', 'C3', 5),
(728, 'A182', 'C4', 179.99),
(729, 'A183', 'C1', 6),
(730, 'A183', 'C2', 256),
(731, 'A183', 'C3', 1),
(732, 'A183', 'C4', 200.99),
(733, 'A184', 'C1', 2),
(734, 'A184', 'C2', 32),
(735, 'A184', 'C3', 1),
(736, 'A184', 'C4', 92.7),
(737, 'A185', 'C1', 2),
(738, 'A185', 'C2', 64),
(739, 'A185', 'C3', 5),
(740, 'A185', 'C4', 121.99),
(741, 'A186', 'C1', 4),
(742, 'A186', 'C2', 128),
(743, 'A186', 'C3', 1),
(744, 'A186', 'C4', 163.59),
(745, 'A187', 'C1', 4),
(746, 'A187', 'C2', 64),
(747, 'A187', 'C3', 5),
(748, 'A187', 'C4', 150.99),
(749, 'A188', 'C1', 4),
(750, 'A188', 'C2', 128),
(751, 'A188', 'C3', 3),
(752, 'A188', 'C4', 163.59),
(753, 'A189', 'C1', 6),
(754, 'A189', 'C2', 256),
(755, 'A189', 'C3', 3),
(756, 'A189', 'C4', 200.99),
(757, 'A190', 'C1', 2),
(758, 'A190', 'C2', 32),
(759, 'A190', 'C3', 5),
(760, 'A190', 'C4', 120.99),
(761, 'A191', 'C1', 4),
(762, 'A191', 'C2', 128),
(763, 'A191', 'C3', 5),
(764, 'A191', 'C4', 174.99),
(765, 'A192', 'C1', 4),
(766, 'A192', 'C2', 64),
(767, 'A192', 'C3', 5),
(768, 'A192', 'C4', 184.99),
(769, 'A193', 'C1', 12),
(770, 'A193', 'C2', 256),
(771, 'A193', 'C3', 5),
(772, 'A193', 'C4', 505.9),
(773, 'A194', 'C1', 8),
(774, 'A194', 'C2', 128),
(775, 'A194', 'C3', 5),
(776, 'A194', 'C4', 199.99),
(777, 'A195', 'C1', 2),
(778, 'A195', 'C2', 16),
(779, 'A195', 'C3', 5),
(780, 'A195', 'C4', 119.61),
(781, 'A196', 'C1', 4),
(782, 'A196', 'C2', 64),
(783, 'A196', 'C3', 5),
(784, 'A196', 'C4', 241),
(785, 'A197', 'C1', 12),
(786, 'A197', 'C2', 256),
(787, 'A197', 'C3', 5),
(788, 'A197', 'C4', 792.19),
(789, 'A198', 'C1', 4),
(790, 'A198', 'C2', 64),
(791, 'A198', 'C3', 5),
(792, 'A198', 'C4', 193.2),
(793, 'A199', 'C1', 6),
(794, 'A199', 'C2', 128),
(795, 'A199', 'C3', 5),
(796, 'A199', 'C4', 311.03),
(797, 'A200', 'C1', 8),
(798, 'A200', 'C2', 256),
(799, 'A200', 'C3', 5),
(800, 'A200', 'C4', 593.7),
(801, 'A201', 'C1', 8),
(802, 'A201', 'C2', 256),
(803, 'A201', 'C3', 5),
(804, 'A201', 'C4', 350.23),
(805, 'A202', 'C1', 12),
(806, 'A202', 'C2', 256),
(807, 'A202', 'C3', 5),
(808, 'A202', 'C4', 450.87),
(809, 'A203', 'C1', 12),
(810, 'A203', 'C2', 256),
(811, 'A203', 'C3', 5),
(812, 'A203', 'C4', 799),
(813, 'A204', 'C1', 8),
(814, 'A204', 'C2', 256),
(815, 'A204', 'C3', 1),
(816, 'A204', 'C4', 267.99),
(817, 'A205', 'C1', 8),
(818, 'A205', 'C2', 128),
(819, 'A205', 'C3', 5),
(820, 'A205', 'C4', 306),
(821, 'A206', 'C1', 8),
(822, 'A206', 'C2', 128),
(823, 'A206', 'C3', 5),
(824, 'A206', 'C4', 306),
(825, 'A207', 'C1', 4),
(826, 'A207', 'C2', 128),
(827, 'A207', 'C3', 5),
(828, 'A207', 'C4', 182.99),
(829, 'A208', 'C1', 4),
(830, 'A208', 'C2', 128),
(831, 'A208', 'C3', 1),
(832, 'A208', 'C4', 178),
(833, 'A209', 'C1', 8),
(834, 'A209', 'C2', 256),
(835, 'A209', 'C3', 5),
(836, 'A209', 'C4', 309),
(837, 'A210', 'C1', 8),
(838, 'A210', 'C2', 128),
(839, 'A210', 'C3', 5),
(840, 'A210', 'C4', 290.48),
(841, 'A211', 'C1', 8),
(842, 'A211', 'C2', 128),
(843, 'A211', 'C3', 1),
(844, 'A211', 'C4', 290.48),
(845, 'A212', 'C1', 8),
(846, 'A212', 'C2', 256),
(847, 'A212', 'C3', 5),
(848, 'A212', 'C4', 309),
(849, 'A213', 'C1', 8),
(850, 'A213', 'C2', 128),
(851, 'A213', 'C3', 5),
(852, 'A213', 'C4', 399),
(853, 'A214', 'C1', 8),
(854, 'A214', 'C2', 256),
(855, 'A214', 'C3', 2),
(856, 'A214', 'C4', 449.99),
(857, 'A215', 'C1', 8),
(858, 'A215', 'C2', 256),
(859, 'A215', 'C3', 5),
(860, 'A215', 'C4', 225),
(861, 'A216', 'C1', 8),
(862, 'A216', 'C2', 256),
(863, 'A216', 'C3', 5),
(864, 'A216', 'C4', 449.99),
(865, 'A217', 'C1', 4),
(866, 'A217', 'C2', 128),
(867, 'A217', 'C3', 5),
(868, 'A217', 'C4', 123),
(869, 'A218', 'C1', 3),
(870, 'A218', 'C2', 64),
(871, 'A218', 'C3', 2),
(872, 'A218', 'C4', 169),
(873, 'A219', 'C1', 4),
(874, 'A219', 'C2', 128),
(875, 'A219', 'C3', 2),
(876, 'A219', 'C4', 169),
(877, 'A220', 'C1', 8),
(878, 'A220', 'C2', 256),
(879, 'A220', 'C3', 5),
(880, 'A220', 'C4', 781.6),
(881, 'A221', 'C1', 4),
(882, 'A221', 'C2', 128),
(883, 'A221', 'C3', 5),
(884, 'A221', 'C4', 144.95),
(885, 'A222', 'C1', 8),
(886, 'A222', 'C2', 128),
(887, 'A222', 'C3', 5),
(888, 'A222', 'C4', 492.59),
(889, 'A223', 'C1', 2),
(890, 'A223', 'C2', 64),
(891, 'A223', 'C3', 5),
(892, 'A223', 'C4', 119),
(893, 'A224', 'C1', 2),
(894, 'A224', 'C2', 64),
(895, 'A224', 'C3', 3),
(896, 'A224', 'C4', 119),
(897, 'A225', 'C1', 3),
(898, 'A225', 'C2', 64),
(899, 'A225', 'C3', 3),
(900, 'A225', 'C4', 149),
(901, 'A226', 'C1', 3),
(902, 'A226', 'C2', 64),
(903, 'A226', 'C3', 5),
(904, 'A226', 'C4', 149),
(905, 'A227', 'C1', 4),
(906, 'A227', 'C2', 128),
(907, 'A227', 'C3', 5),
(908, 'A227', 'C4', 179),
(909, 'A228', 'C1', 4),
(910, 'A228', 'C2', 128),
(911, 'A228', 'C3', 2),
(912, 'A228', 'C4', 179),
(913, 'A229', 'C1', 2),
(914, 'A229', 'C2', 32),
(915, 'A229', 'C3', 3),
(916, 'A229', 'C4', 109),
(917, 'A230', 'C1', 2),
(918, 'A230', 'C2', 32),
(919, 'A230', 'C3', 5),
(920, 'A230', 'C4', 84.9),
(921, 'A231', 'C1', 2),
(922, 'A231', 'C2', 32),
(923, 'A231', 'C3', 2),
(924, 'A231', 'C4', 109),
(925, 'A232', 'C1', 2),
(926, 'A232', 'C2', 32),
(927, 'A232', 'C3', 3),
(928, 'A232', 'C4', 84.9),
(929, 'A233', 'C1', 2),
(930, 'A233', 'C2', 32),
(931, 'A233', 'C3', 5),
(932, 'A233', 'C4', 128.11),
(933, 'A234', 'C1', 2),
(934, 'A234', 'C2', 32),
(935, 'A234', 'C3', 5),
(936, 'A234', 'C4', 133.74),
(937, 'A235', 'C1', 2),
(938, 'A235', 'C2', 32),
(939, 'A235', 'C3', 3),
(940, 'A235', 'C4', 99.66),
(941, 'A236', 'C1', 3),
(942, 'A236', 'C2', 64),
(943, 'A236', 'C3', 3),
(944, 'A236', 'C4', 118.31),
(945, 'A237', 'C1', 4),
(946, 'A237', 'C2', 128),
(947, 'A237', 'C3', 3),
(948, 'A237', 'C4', 190.9),
(981, 'A2', 'C1', 1),
(982, 'A2', 'C2', 16),
(983, 'A2', 'C3', 5),
(984, 'A2', 'C4', 70.98),
(985, 'A3', 'C1', 2),
(986, 'A3', 'C2', 32),
(987, 'A3', 'C3', 5),
(988, 'A3', 'C4', 100.99),
(993, 'A5', 'C1', 6),
(994, 'A5', 'C2', 64),
(995, 'A5', 'C3', 2),
(996, 'A5', 'C4', 226.98),
(1001, 'A7', 'C1', 6),
(1002, 'A7', 'C2', 64),
(1003, 'A7', 'C3', 3),
(1004, 'A7', 'C4', 139.99),
(1005, 'A8', 'C1', 12),
(1006, 'A8', 'C2', 256),
(1007, 'A8', 'C3', 5),
(1008, 'A8', 'C4', 789),
(1009, 'A9', 'C1', 8),
(1010, 'A9', 'C2', 256),
(1011, 'A9', 'C3', 5),
(1012, 'A9', 'C4', 444.72),
(1013, 'A6', 'C1', 2),
(1014, 'A6', 'C2', 32),
(1015, 'A6', 'C3', 5),
(1016, 'A6', 'C4', 85.99),
(1017, 'A4', 'C1', 2),
(1018, 'A4', 'C2', 32),
(1019, 'A4', 'C3', 5),
(1020, 'A4', 'C4', 100.99),
(1021, 'A1', 'C1', 8),
(1022, 'A1', 'C2', 128),
(1023, 'A1', 'C3', 3),
(1024, 'A1', 'C4', 100);

-- --------------------------------------------------------

--
-- Table structure for table `nilai_preferensi`
--

CREATE TABLE `nilai_preferensi` (
  `nm_alternatif` varchar(255) CHARACTER SET latin1 COLLATE latin1_swedish_ci NOT NULL,
  `id_alternatif` varchar(255) NOT NULL,
  `nilai` double NOT NULL
) ENGINE=InnoDB DEFAULT CHARSET=latin1;

-- --------------------------------------------------------

--
-- Table structure for table `users`
--

CREATE TABLE `users` (
  `id` int NOT NULL,
  `name` varchar(70) COLLATE utf8mb4_general_ci NOT NULL,
  `username` varchar(50) COLLATE utf8mb4_general_ci NOT NULL,
  `email` varchar(50) COLLATE utf8mb4_general_ci NOT NULL,
  `password` varchar(255) COLLATE utf8mb4_general_ci NOT NULL
) ENGINE=InnoDB DEFAULT CHARSET=utf8mb4 COLLATE=utf8mb4_general_ci;

--
-- Dumping data for table `users`
--

INSERT INTO `users` (`id`, `name`, `username`, `email`, `password`) VALUES
(11, '', 'admin', 'admin@admin.com', '$2y$10$s5wmxw8R1i3n7TeGhYwi0OiRVClhAzio4kWHPLqi/ojbgVj1ORiba'),
(12, '', 'user', 'user@user.com', '$2y$10$johKVfXDiyweResHmsVmlei2lXdk1wZwLgjYbownsLNQkFXYBmFaW'),
(13, '', 'user1', 'user1@gmail.com', '$2y$10$7Hb3vw9LnOh0xN0AX.4RVOEZAnqJN70z.PXOUrsR69QEdonA99vf2');

--
-- Indexes for dumped tables
--

--
-- Indexes for table `alternatif`
--
ALTER TABLE `alternatif`
  ADD PRIMARY KEY (`id_alternatif`);

--
-- Indexes for table `kriteria`
--
ALTER TABLE `kriteria`
  ADD PRIMARY KEY (`id_kriteria`);

--
-- Indexes for table `nilai_matrik`
--
ALTER TABLE `nilai_matrik`
  ADD PRIMARY KEY (`id_matrik`);

--
-- Indexes for table `users`
--
ALTER TABLE `users`
  ADD PRIMARY KEY (`id`);

--
-- AUTO_INCREMENT for dumped tables
--

--
-- AUTO_INCREMENT for table `nilai_matrik`
--
ALTER TABLE `nilai_matrik`
  MODIFY `id_matrik` int NOT NULL AUTO_INCREMENT, AUTO_INCREMENT=1025;

--
-- AUTO_INCREMENT for table `users`
--
ALTER TABLE `users`
  MODIFY `id` int NOT NULL AUTO_INCREMENT, AUTO_INCREMENT=14;
COMMIT;

/*!40101 SET CHARACTER_SET_CLIENT=@OLD_CHARACTER_SET_CLIENT */;
/*!40101 SET CHARACTER_SET_RESULTS=@OLD_CHARACTER_SET_RESULTS */;
/*!40101 SET COLLATION_CONNECTION=@OLD_COLLATION_CONNECTION */;
